"factura";"pin"
"001-104-2954073967";"553490"
"001-104-6845087369";"328520"
"001-104-3640955438";"850245"
"001-104-3215787302";"180909"
"001-104-8779151165";"429324"
"001-104-0600050815";"740879"
"001-104-8584643668";"646686"
"001-104-7632853243";"909200"
"001-104-8583207447";"529440"
"001-104-8621965712";"658586"
"001-104-4181652699";"835238"
"001-104-2877472742";"139743"
"001-104-1883725436";"588958"
"001-104-9645143894";"409712"
"001-104-8282370602";"747949"
"001-104-0992339002";"711875"
"001-104-8660525312";"989188"
"001-104-8558220893";"834793"
"001-104-9111647591";"342032"
"001-104-0030453185";"795976"
"001-104-4890047587";"542297"
"001-104-7596148216";"693934"
"001-104-5102506523";"434499"
"001-104-4700618609";"655748"
"001-104-5162241214";"905147"
"001-104-7889485853";"041072"
"001-104-5672741593";"415446"
"001-104-5007441086";"144203"
"001-104-9557724093";"909802"
"001-104-5555113271";"581898"
"001-104-3542390551";"321195"
"001-104-1936065832";"456732"
"001-104-1836808110";"135363"
"001-104-4894665575";"023875"
"001-104-2336358175";"136804"
"001-104-6104677600";"152970"
"001-104-8139902394";"272559"
"001-104-8240747619";"098832"
"001-104-4027021195";"879595"
"001-104-5654871784";"202380"
"001-104-2143103945";"575741"
"001-104-2758534371";"256367"
"001-104-4407916535";"929293"
"001-104-5009528852";"337373"
"001-104-4902091850";"568139"
"001-104-3465810093";"088452"
"001-104-8289795323";"556469"
"001-104-2877245774";"983037"
"001-104-7045097525";"846530"
"001-104-9881078294";"956785"
