id;factura;pin;cliente;fecha;productos
10;001-104-2954073967;553490;Cliente Supermercado 01 (MOCK);2026-09-22;7
11;001-104-6845087369;328520;Cliente Supermercado 02 (MOCK);2026-09-25;3
12;001-104-3640955438;850245;Cliente Supermercado 03 (MOCK);2026-09-19;3
13;001-104-3215787302;180909;Cliente Supermercado 04 (MOCK);2026-09-25;8
14;001-104-8779151165;429324;Cliente Supermercado 05 (MOCK);2026-09-15;4
15;001-104-0600050815;740879;Cliente Supermercado 06 (MOCK);2026-09-13;5
16;001-104-8584643668;646686;Cliente Supermercado 07 (MOCK);2026-09-21;7
17;001-104-7632853243;909200;Cliente Supermercado 08 (MOCK);2026-09-13;4
18;001-104-8583207447;529440;Cliente Supermercado 09 (MOCK);2026-09-25;6
19;001-104-8621965712;658586;Cliente Supermercado 10 (MOCK);2026-09-14;8
20;001-104-4181652699;835238;Cliente Supermercado 01 (MOCK);2026-09-15;8
21;001-104-2877472742;139743;Cliente Supermercado 02 (MOCK);2026-09-16;7
22;001-104-1883725436;588958;Cliente Supermercado 03 (MOCK);2026-09-24;8
23;001-104-9645143894;409712;Cliente Supermercado 04 (MOCK);2026-09-18;8
24;001-104-8282370602;747949;Cliente Supermercado 05 (MOCK);2026-09-25;3
25;001-104-0992339002;711875;Cliente Supermercado 06 (MOCK);2026-09-22;4
26;001-104-8660525312;989188;Cliente Supermercado 07 (MOCK);2026-09-26;3
27;001-104-8558220893;834793;Cliente Supermercado 08 (MOCK);2026-09-14;6
28;001-104-9111647591;342032;Cliente Supermercado 09 (MOCK);2026-09-22;8
29;001-104-0030453185;795976;Cliente Supermercado 10 (MOCK);2026-09-17;6
30;001-104-4890047587;542297;Cliente Supermercado 01 (MOCK);2026-09-13;3
31;001-104-7596148216;693934;Cliente Supermercado 02 (MOCK);2026-09-15;5
32;001-104-5102506523;434499;Cliente Supermercado 03 (MOCK);2026-09-18;3
33;001-104-4700618609;655748;Cliente Supermercado 04 (MOCK);2026-09-23;4
34;001-104-5162241214;905147;Cliente Supermercado 05 (MOCK);2026-09-17;8
35;001-104-7889485853;041072;Cliente Supermercado 06 (MOCK);2026-09-13;5
36;001-104-5672741593;415446;Cliente Supermercado 07 (MOCK);2026-09-26;5
37;001-104-5007441086;144203;Cliente Supermercado 08 (MOCK);2026-09-22;6
38;001-104-9557724093;909802;Cliente Supermercado 09 (MOCK);2026-09-22;5
39;001-104-5555113271;581898;Cliente Supermercado 10 (MOCK);2026-09-12;8
40;001-104-3542390551;321195;Cliente Supermercado 01 (MOCK);2026-09-15;4
41;001-104-1936065832;456732;Cliente Supermercado 02 (MOCK);2026-09-17;4
42;001-104-1836808110;135363;Cliente Supermercado 03 (MOCK);2026-09-18;5
43;001-104-4894665575;023875;Cliente Supermercado 04 (MOCK);2026-09-23;5
44;001-104-2336358175;136804;Cliente Supermercado 05 (MOCK);2026-09-18;8
45;001-104-6104677600;152970;Cliente Supermercado 06 (MOCK);2026-09-24;3
46;001-104-8139902394;272559;Cliente Supermercado 07 (MOCK);2026-09-16;5
47;001-104-8240747619;098832;Cliente Supermercado 08 (MOCK);2026-09-21;6
48;001-104-4027021195;879595;Cliente Supermercado 09 (MOCK);2026-09-20;6
49;001-104-5654871784;202380;Cliente Supermercado 10 (MOCK);2026-09-26;8
50;001-104-2143103945;575741;Cliente Supermercado 01 (MOCK);2026-09-22;6
51;001-104-2758534371;256367;Cliente Supermercado 02 (MOCK);2026-09-22;7
52;001-104-4407916535;929293;Cliente Supermercado 03 (MOCK);2026-09-18;4
53;001-104-5009528852;337373;Cliente Supermercado 04 (MOCK);2026-09-26;4
54;001-104-4902091850;568139;Cliente Supermercado 05 (MOCK);2026-09-12;3
55;001-104-3465810093;088452;Cliente Supermercado 06 (MOCK);2026-09-17;5
56;001-104-8289795323;556469;Cliente Supermercado 07 (MOCK);2026-09-16;7
57;001-104-2877245774;983037;Cliente Supermercado 08 (MOCK);2026-09-17;6
58;001-104-7045097525;846530;Cliente Supermercado 09 (MOCK);2026-09-24;5
59;001-104-9881078294;956785;Cliente Supermercado 10 (MOCK);2026-09-25;6
