factura;pin
001-104-7846516888;311539
001-104-3796283174;919989
001-104-2364974458;112080
001-104-4132054619;839611
001-104-6711610501;572179
001-104-2627464792;169339
001-104-8173774557;600768
001-104-5248082345;220209
001-104-4046874601;372236
001-104-1290649485;539240
001-104-7893555722;509861
001-104-3187800616;177367
001-104-4353800293;869167
001-104-2678388286;709114
001-104-2820804871;098833
001-104-9270951855;528703
001-104-7586616133;586387
001-104-5179134311;259826
001-104-1840784932;085603
001-104-3606041695;563328
001-104-0597890665;103361
001-104-0895847462;137381
001-104-6871786651;978382
001-104-0126807490;540874
001-104-8092583475;825143
001-104-5957815225;763127
001-104-1097937899;503888
001-104-0315283465;622196
001-104-8418665265;730256
001-104-3727633363;609765
001-104-5235972295;610270
001-104-8806314270;364972
001-104-2945335517;025152
001-104-1999918484;629320
001-104-5938279989;353169
001-104-0744740265;572241
001-104-8436267824;312039
001-104-9783438969;499308
001-104-1113447717;649974
001-104-5744033587;759529
001-104-5072605981;514987
001-104-3953171084;557483
001-104-2404251431;243486
001-104-0397087605;492241
001-104-4097405852;922865
001-104-8668580830;038836
001-104-6262581193;013506
001-104-3794974879;589099
001-104-6341368089;430389
001-104-8813070156;799963
